[{"@type":"mappingTemplate","id":"@1","name":"Nishanth_RestV2_Santee_Mock","description":"","autoExpireObject":false,"bundleVersion":"0","assetFrsGuid":"1qgtvqfgdBCfm1F10fnb0T","templateId":"@3","hasParameters":false,"valid":true,"fixedConnection":true,"hasParametersDeployed":false,"fixedConnectionDeployed":false,"isSchemaValidationEnabled":false,"tasks":1,"mappingPreviewFileRecordId":"@2","documentType":"MAPPING","allowMaxFieldLength":false,"specialCharacterSupport":false,"references":[{"@type":"reference","refObjectId":"@9Ydw2qbcUohjOtcOZDLVKM","refType":"connection"},{"@type":"reference","refObjectId":"@7fcEk7UwrLiekdD4aF8Aww","refType":"connection"}]}]